Label,Pulgar,Indice,Corazon,Anular,Mennique,Pulgar_std,Indice_std,Corazon_std,Anular_std,Mennique_std,Pitch_median,Roll_median,Pitch_range,Roll_range,A_mag_mean,A_mag_std,G_mag_mean,G_mag_std
HOLA,2783.3,2556.6,2560.5,2770.8,3687.9,6.0835844697020525,7.323933369440222,10.385085459446158,5.173006862551025,4.3,-0.9614407759873937,-0.1771498805816757,0.7264454087182053,6.182081935443287,1.022176489400235,0.22406522380193505,123.7629186874289,77.89342037662016
HOLA,2799.1,2561.3,2572.1,2790.5,3695.9,14.166509803053115,18.06682041754996,17.218884981322102,14.948244044034068,2.8089143810376274,-0.562146029868043,-0.05745712544065429,1.3513656455156176,5.162549931225623,1.2908385538902247,0.47150379403626613,177.04292233745008,95.55783432150197
HOLA,2791.4,2547.2,2549.2,2769.8,3690.2,2.9393876913398134,4.214261501141095,4.214261501141095,4.6000000000000005,5.362835071116769,-0.586012208508611,-0.1324052177706213,0.6049582109676657,4.61910541104826,1.321527015104429,0.44464182028817095,163.65356791737386,71.64951408009343
HOLA,2790.5,2546.8,2550.2,2765.9,3688.3,2.4186773244895647,4.331281565541543,2.039607805437114,2.844292530665578,3.9509492530276824,-0.697877121629072,1.5835062116251333,0.8037466339278982,5.645343586783518,1.189248783707342,0.39136598019067537,162.73178870617124,61.562939699871556
